<?xml version='1.0' encoding='utf-8'?>
<!DOCTYPE hibernate-configuration PUBLIC
        "-//Hibernate/Hibernate Configuration DTD//EN"
        "http://www.hibernate.org/dtd/hibernate-configuration-3.0.dtd">
<hibernate-configuration>
    <session-factory>

        <!--DB Connection-->
        <property name="connection.driver_class">com.mysql.jdbc.Driver</property>
        <property name="connection.url">jdbc:mysql://223.3.103.124:3306/test</property>
        <property name="connection.username">root</property>
        <property name="connection.password">123456</property>
        <property name="hibernate.dialect">org.hibernate.dialect.MySQLDialect</property>
        <property name="show_sql">false</property>

        <!--c3p0 pool-->
        <property name="connection.provider_class">org.hibernate.c3p0.internal.C3P0ConnectionProvider</property>
        <property name="c3p0.min_size">5</property>
        <property name="c3p0.max_size">30</property>
        <property name="c3p0.timeout">120</property>
        <property name="c3p0.idle_test_period">2400</property>
        <property name="connection.autocommit">true</property>

        <!--Class Mapping-->
        <mapping resource="Mapping.hbm.xml"/>
    </session-factory>
</hibernate-configuration>