<?xml version="1.0" encoding="UTF-8"?>
<beans xmlns="http://www.springframework.org/schema/beans"
       xmlns:xsi="http://www.w3.org/2001/XMLSchema-instance"
       xmlns:context="http://www.springframework.org/schema/context"
       xmlns:mvc="http://www.springframework.org/schema/mvc"
       xsi:schemaLocation="http://www.springframework.org/schema/beans
       http://www.springframework.org/schema/beans/spring-beans.xsd
       http://www.springframework.org/schema/context
       http://www.springframework.org/schema/context/spring-context-4.1.xsd
       http://www.springframework.org/schema/mvc
       http://www.springframework.org/schema/mvc/spring-mvc-4.1.xsd">

    <!-- scan the package and the sub package -->
    <context:component-scan base-package="cn.edu.seu.controller"/>

    <!-- don't handle the static resource -->
    <!--<mvc:default-servlet-handler/> -->

    <!-- if you use annotation you must configure following setting -->
    <mvc:annotation-driven/>

    <mvc:resources mapping="/img/**" location="assets/img" />
    <mvc:resources mapping="/js/**" location="/js/" />
    <mvc:resources mapping="/css/**" location="/css/" />
    <mvc:resources mapping="/video/**" location="/video/"/>

    <!-- 定义跳转的文件的前后缀 -->
    <bean id="viewResolver"
          class="org.springframework.web.servlet.view.InternalResourceViewResolver">
        <property name="prefix" value="/WEB-INF/views/"/>  <!-- 默认放在WebRoot下 -->
        <property name="suffix" value=".jsp"/>
    </bean>

    <!-- 支持文件上传 -->
    <bean id="multipartResolver"
          class="org.springframework.web.multipart.commons.CommonsMultipartResolver">
        <!-- 设置上传文件的最大尺寸为5MB -->
        <property name="maxUploadSize">
            <value>5242880</value>
        </property>
    </bean>

</beans>
